time_sec,chord_symbol,confidence
0.000000,F#m,0.096010
0.023220,Cm,0.088994
0.034830,C,0.090902
0.069660,A,0.092968
0.127710,Cm,0.094508
0.139320,G#,0.096231
0.150930,Cm,0.097268
0.220590,C,0.102155
0.232200,F#,0.105873
0.313469,Cm,0.101686
0.359909,G,0.107380
0.452789,C#m,0.106678
0.510839,Bm,0.096629
0.534059,G,0.096172
0.545669,Bm,0.095317
0.568889,Em,0.106192
0.592109,C#m,0.139627
0.789478,A,0.155885
0.893968,C#m,0.131892
0.928798,C,0.104291
0.952018,Em,0.132159
0.998458,G,0.175246
1.300317,Em,0.118290
1.648617,C,0.126635
1.683447,Gm,0.108427
1.729887,C,0.123221
1.915646,Cm,0.213592
1.950476,C,0.208185
1.973696,Cm,0.205486
2.066576,C,0.157021
2.113016,Em,0.141354
2.136236,G,0.152779
2.414875,Cm,0.125008
2.438095,G,0.121299
2.739955,Em,0.151219
2.786395,G,0.123944
2.809615,Gm,0.106190
2.821224,D,0.116534
2.832834,Dm,0.141535
2.960544,D,0.180952
3.123084,G,0.153214
3.146304,Dm,0.139178
3.169524,D,0.125837
3.181134,Bm,0.127482
3.947392,G,0.117680
3.959002,Em,0.126006
4.237642,A,0.196589
4.318912,Em,0.155374
5.038730,A,0.113529
5.061950,G,0.112176
5.073560,Dm,0.119899
5.189660,G,0.157287
5.398639,Bm,0.147920
5.514739,Em,0.154702
5.561179,Bm,0.157896
6.199728,Am,0.111646
6.594467,C,0.143705
6.617687,Em,0.163754
6.733787,C,0.187584
6.780227,Am,0.186396
6.931156,C,0.146783
7.325896,F#,0.119544
7.337506,D,0.143469
7.500045,Gm,0.130695
7.685805,D,0.130865
7.859955,Bm,0.183231
7.883175,D,0.202902
8.405624,G,0.120336
8.498503,Em,0.202528
8.510113,G,0.206471
9.613061,Bm,0.173712
9.752381,G,0.173869
9.949751,Em,0.126524
10.123900,F#,0.118357
10.158730,Bm,0.187333
10.298050,Gm,0.125973
10.321270,G,0.168530
10.425760,Em,0.167245
10.599909,G,0.173839
10.611519,Em,0.166573
10.634739,G,0.151772
10.739229,C,0.158564
11.818957,Am,0.124308
11.900227,D,0.162484
11.923447,Dm,0.174873
12.074376,D,0.182958
12.910295,Em,0.102735
13.676553,G,0.130215
13.699773,Bm,0.125023
13.722993,D,0.142801
14.071293,C#m,0.116706
14.698231,G#m,0.164937
14.733061,C#m,0.167673
14.756281,G#m,0.169446
14.837551,C#m,0.160934
15.220680,G,0.131305
15.301950,Cm,0.127378
15.394830,F#,0.123845
15.487710,Cm,0.126128
15.499320,G#,0.127879
15.580590,C,0.133099
15.789569,Em,0.137672
15.917279,E,0.131709
15.928889,Em,0.123450
16.114649,B,0.130522
16.219138,Bm,0.178354
16.358458,D,0.123622
16.393288,C,0.126122
16.474558,D,0.125958
16.497778,G,0.119822
16.869297,Bm,0.147548
17.078277,Em,0.122776
17.322086,E,0.177047
17.345306,Em,0.174293
17.484626,E,0.166020
17.507846,C#m,0.180128
17.531066,E,0.192378
17.542676,Em,0.197449
17.554286,E,0.202100
17.577506,Em,0.206070
17.623946,C#m,0.213569
17.681995,A,0.232535
17.763265,Em,0.236275
18.216054,D,0.125184
18.413424,F#m,0.168349
18.448254,D,0.165490
18.506304,F#m,0.159078
18.517914,A,0.156561
18.622404,C#m,0.130157
19.632472,Em,0.109145
20.062041,C,0.168702
20.143311,G,0.144743
20.271020,Cm,0.145335
20.329070,C,0.180795
20.491610,Cm,0.143175
20.538050,G,0.139595
20.712200,C,0.137595
20.805079,Am,0.170495
21.234649,C,0.136490
21.292698,Em,0.133907
21.385578,G,0.154743
21.432018,C,0.139884
21.908027,Gm,0.117179
22.000907,G,0.151867
22.012517,Gm,0.153664
22.093787,G,0.171463
22.337596,Gm,0.180126
22.488526,G,0.179713
22.755556,D,0.140965
22.778776,Gm,0.140748
22.848435,G,0.161114
24.183583,Cm,0.104294
24.195193,C,0.105694
24.218413,Em,0.144038
24.264853,Am,0.181260
26.087619,D,0.139212
26.238549,A,0.154813
26.261769,D,0.139160
26.389478,Am,0.102153
26.412698,Em,0.102465
26.702948,E,0.229786
26.760998,Em,0.227310
26.772608,E,0.222648
26.784218,Em,0.215321
26.853878,Bm,0.144119
26.865488,E,0.146508
26.877098,Bm,0.144104
27.237007,D,0.144215
27.445986,Bm,0.158422
27.480816,D,0.148678
27.527256,Bm,0.151877
27.550476,E,0.157475
27.585306,G,0.160485
27.608526,Bm,0.176242
28.363175,G,0.175943
28.374785,Bm,0.162593
28.409615,B,0.160022
28.421224,Em,0.157903
28.432834,G,0.165887
28.444444,G#m,0.156403
28.456054,E,0.154147
28.467664,G,0.157294
28.490884,Bm,0.157496
28.514104,G,0.164391
28.572154,Bm,0.159684
28.583764,G,0.162151
28.595374,Bm,0.153402
28.606984,G,0.151436
28.630204,Bm,0.134875
28.641814,G,0.132116
28.711474,Em,0.115515
28.769524,C,0.124350
28.792744,Em,0.138664
28.804354,C,0.142321
28.850794,Cm,0.142189
28.908844,G,0.138734
29.001723,C,0.157970
29.141043,G,0.147155
29.384853,C,0.140643
29.675102,G,0.136702
29.814422,D,0.176883
29.930522,Dm,0.126489
29.942132,Cm,0.138688
29.965351,C,0.126991
29.976961,Em,0.153210
30.011791,E,0.197283
30.023401,C,0.196008
30.220771,G,0.142611
30.302041,Bm,0.179724
30.371701,E,0.179958
30.394921,Em,0.174626
30.406531,G,0.165356
30.476190,C,0.132006
30.615510,Am,0.157397
30.627120,C,0.163536
30.720000,C#m,0.123071
30.743220,G,0.121606
30.754830,D,0.157749
30.847710,G,0.148307
30.882540,Gm,0.111149
30.894150,G,0.117888
30.917370,Gm,0.122169
30.928980,G,0.132138
30.975420,Gm,0.151754
30.987029,G,0.159779
31.706848,Gm,0.197593
31.776508,D,0.143146
31.904218,G,0.132850
32.670476,D#,0.116984
32.682086,G,0.110624
32.693696,Gm,0.108756
32.740136,G,0.115545
32.751746,Gm,0.122306
32.786576,G,0.123555
32.914286,Em,0.202919
32.949116,G,0.185879
32.960726,Em,0.172043
33.018776,D#,0.103012
33.030385,A,0.115142
33.123265,Dm,0.167096
33.192925,A,0.117171
33.204535,Am,0.119508
33.250975,Em,0.130098
33.343855,Am,0.155937
33.610884,Em,0.138832
33.680544,Am,0.157359
34.005624,Em,0.137810
34.086893,Am,0.148697
34.365533,D,0.120960
34.458413,Bm,0.129452
34.783492,D,0.125908
34.829932,G,0.125140
35.027302,Bm,0.194432
35.143401,D,0.130305
35.271111,F#m,0.151798
35.305941,D,0.125801
35.317551,E,0.116748
35.398821,Em,0.136062
35.503311,A,0.140651
35.700680,E,0.190863
35.793560,Em,0.209095
35.828390,E,0.206019
35.840000,Em,0.203856
35.851610,E,0.204043
35.874830,Em,0.205099
36.223129,B,0.182882
36.443719,Bm,0.232915
36.617868,Em,0.146056
36.942948,C,0.168957
36.966168,Em,0.166304
37.372517,F#m,0.132527
37.395737,F#,0.164072
37.453787,F#m,0.168221
37.477007,F#,0.166099
37.500227,F#m,0.163975
37.546667,F#,0.166036
37.616327,D#m,0.154086
37.651156,C,0.110410
37.674376,D#,0.107005
37.685986,Em,0.099445
37.697596,Cm,0.098299
37.720816,Em,0.128298
37.755646,C,0.184761
37.894966,Cm,0.170172
37.906576,C,0.176394
38.463855,Am,0.134060
38.591565,F,0.138620
38.603175,D#,0.139759
38.614785,Gm,0.133546
38.626395,Em,0.139624
38.661224,B,0.200125
38.684444,Em,0.207711
38.777324,C,0.112505
38.812154,Cm,0.104584
38.823764,G#,0.099864
38.835374,Gm,0.098456
38.846984,D,0.117023
39.613243,C#m,0.097722
39.624853,Dm,0.106261
39.648073,D,0.119795
39.833832,Dm,0.184375
39.857052,D,0.188568
39.915102,Dm,0.123807
39.938322,A#,0.103812
39.961542,G,0.104688
39.984762,Em,0.118655
40.042812,G,0.134223
40.089252,Dm,0.155618
40.100862,D,0.162748
40.124082,G,0.159169
40.182132,Em,0.130221
40.344671,A,0.113638
40.367891,G,0.114426
40.402721,D,0.157214
40.495601,Gm,0.135317
40.507211,D#,0.122288
40.530431,Em,0.135521
40.542041,E,0.164414
40.565261,Em,0.216924
40.588481,E,0.221349
40.646531,Em,0.200500
40.658141,E,0.181945
40.669751,Em,0.149800
40.681361,B,0.120613
40.716190,G,0.137818
40.739410,Bm,0.153310
40.751020,G,0.145598
40.774240,C#m,0.136947
40.843900,Em,0.117061
41.018050,C#m,0.129025
41.064490,A,0.109249
41.087710,Em,0.099717
41.134150,E,0.122780
41.192200,B,0.165454
41.203810,Bm,0.170246
41.227029,E,0.174015
41.238639,Bm,0.176174
41.250249,E,0.168604
41.261859,G,0.164770
41.273469,E,0.153884
41.331519,Em,0.123932
41.389569,G,0.109607
41.412789,Bm,0.109669
41.447619,Em,0.116232
41.459229,B,0.115715
41.470839,G,0.123300
41.528889,Em,0.113272
41.621769,G,0.114303
41.633379,C#m,0.111197
41.703039,A,0.111673
41.726259,C#m,0.111837
41.830748,A,0.101666
41.842358,G#,0.102080
42.074558,G#m,0.095068
42.132608,D#m,0.093939
42.237098,Cm,0.095310
42.399637,D#m,0.106844
42.422857,Cm,0.108066
42.480907,C,0.118465
43.386485,G,0.155933
43.607075,Em,0.171970
43.630295,G,0.160667
43.641905,B,0.157968
43.734785,G#m,0.123456
43.816054,B,0.175723
43.897324,G,0.147617
44.071474,G#m,0.118926
44.094694,D,0.106148
44.222404,Bm,0.102160
44.268844,G,0.111197
44.431383,Em,0.106526
44.466213,E,0.097071
44.489433,Am,0.095689
44.582313,E,0.103204
44.826122,Em,0.130382
44.837732,E,0.129471
44.872562,Em,0.131075
44.884172,Am,0.139619
44.942222,Em,0.143359
44.977052,Am,0.145356
45.000272,Em,0.132636
45.011882,A,0.135958
45.023492,Em,0.133984
45.046712,Bm,0.147861
45.139592,G,0.160947
45.174422,Em,0.144391
45.453061,A,0.147641
45.569161,Dm,0.121902
45.615601,D,0.141965
46.138050,G,0.176035
46.347029,D,0.161199
46.428299,Bm,0.151440
46.497959,Dm,0.104123
46.521179,G,0.100399
46.532789,Em,0.108999
46.672109,B,0.091728
46.718549,Em,0.094490
46.764989,E,0.102746
46.788209,Em,0.099014
46.799819,D#m,0.098697
46.823039,C,0.099954
47.148118,Am,0.137693
47.275828,C,0.137994
47.310658,Em,0.148124
47.415147,C,0.126701
47.821497,D#,0.095820
47.833107,Em,0.094861
47.844717,G#m,0.094573
47.856327,B,0.100945
48.204626,G#m,0.155970
48.251066,B,0.137959
48.355556,Bm,0.144969
48.425215,B,0.180287
48.494875,Bm,0.143692
48.634195,E,0.112892
48.773515,B,0.110859
48.808345,Bm,0.117104
49.110204,E,0.099399
49.237914,C#m,0.107084
49.307574,A,0.111461
49.330794,E,0.114325
49.365624,Em,0.121431
49.621043,E,0.162775
49.644263,Em,0.160304
50.027392,G,0.129967
50.073832,Dm,0.101196
50.120272,G,0.113923
50.189932,D,0.143040
50.201542,G,0.148358
50.213152,D,0.152542
50.259592,G,0.171736
50.317642,Bm,0.179638
50.468571,G,0.158560
50.480181,Bm,0.155178
50.944580,A,0.115620
50.979410,Bm,0.100359
51.165170,A#,0.096130
51.188390,D#m,0.094207
51.211610,G#,0.095404
51.246440,C,0.095223
51.339320,Cm,0.100634
51.420590,C,0.103346
52.163628,G,0.133130
52.337778,Em,0.101754
52.360998,E,0.114615
52.384218,Em,0.116845
52.407438,Bm,0.116217
52.488707,G,0.170663
52.744127,B,0.184852
53.069206,G,0.113799
53.371066,Em,0.101119
53.417506,Bm,0.099535
53.533605,Em,0.098631
53.556825,Bm,0.098656
53.591655,E,0.098866
53.626485,A,0.100722
53.754195,C#m,0.115579
53.765805,E,0.116050
53.835465,Em,0.112959
53.847075,E,0.111724
53.858685,Bm,0.118044
53.951565,Em,0.127563
53.986395,E,0.168159
53.998005,Em,0.181180
54.195374,G,0.149160
54.427574,Em,0.166628
54.532063,G,0.139767
54.601723,Em,0.116018
54.648163,G,0.127779
54.752653,Dm,0.153469
54.764263,G,0.155966
54.822313,Bm,0.176349
54.961633,G,0.177555
54.973243,Bm,0.176819
55.042902,G,0.192720
55.054512,Bm,0.195823
55.066122,G,0.198939
55.321542,Em,0.153884
55.414422,G,0.186127
55.739501,D,0.123296
55.762721,Dm,0.138243
55.785941,D,0.147755
55.797551,Dm,0.153216
55.820771,Am,0.171224
55.867211,Gm,0.134221
55.971701,G,0.157998
56.029751,Em,0.206440
56.470930,G,0.132496
56.772789,A,0.139463
56.784399,A#m,0.133010
56.807619,Am,0.115969
56.842449,A,0.184740
56.854059,D,0.187386
57.330068,Bm,0.144472
57.353288,G,0.153205
57.376508,D,0.144549
57.422948,Bm,0.131764
57.434558,D,0.133642
57.539048,G,0.120214
57.562268,D,0.116233
57.608707,G,0.109274
57.771247,Bm,0.137816
57.829297,F#m,0.195089
57.840907,F#,0.205827
57.864127,F#m,0.218580
57.991837,D,0.169650
58.003447,Bm,0.161745
58.038277,Em,0.137844
58.340136,C#m,0.124519
58.374966,Em,0.120479
58.398186,Bm,0.120724
58.444626,F#,0.168446
58.456236,F#m,0.170308
58.467846,F#,0.177926
58.502676,Bm,0.175483
58.665215,Em,0.114373
58.688435,C#m,0.102694
58.723265,D,0.104572
58.734875,Gm,0.119674
58.746485,D,0.133476
59.059955,A#,0.103535
59.071565,D,0.102829
59.083175,D#m,0.117943
59.129615,D,0.140285
59.164444,A,0.111855
59.187664,Am,0.133265
59.199274,Em,0.142010
59.268934,D,0.116171
59.640454,Bm,0.112123
59.652063,D,0.114014
59.953923,Dm,0.168461
59.977143,D,0.208977
60.070023,Dm,0.220393
60.081633,D,0.204879
60.104853,Dm,0.185356
60.116463,D,0.184743
60.128073,Dm,0.177618
60.139683,D,0.170477
60.232562,C,0.105438
60.290612,Am,0.151008
61.138141,Gm,0.131291
61.161361,Em,0.129707
61.300680,E,0.141725
61.323900,G,0.108532
61.335510,D,0.114741
61.811519,Bm,0.163306
61.997279,G,0.164056
62.043719,Bm,0.193537
62.438458,B,0.183746
63.204717,Em,0.179159
63.425306,B,0.204891
64.063855,Em,0.158085
64.087075,B,0.163796
64.446984,Cm,0.095090
64.470204,Fm,0.094532
64.528254,Em,0.099371
64.690794,C,0.099361
65.480272,Am,0.191400
65.607982,C,0.174752
65.793741,Cm,0.137102
65.816961,C,0.121913
65.828571,Cm,0.114902
65.863401,G,0.105104
65.898231,Cm,0.121365
65.921451,G,0.120922
65.956281,D,0.119544
66.049161,Dm,0.200129
66.072381,D,0.209565
66.234921,G,0.180509
66.281361,Bm,0.211126
66.490340,G,0.196732
66.501950,D,0.188535
66.792200,Gm,0.126258
66.931519,C#,0.095176
66.954739,C#m,0.094854
67.024399,A,0.096979
67.047619,E,0.099938
67.361088,A,0.158186
67.395918,E,0.164932
67.535238,Em,0.177414
67.697778,E,0.175022
67.720998,A,0.181294
67.744218,Em,0.181155
67.860317,E,0.178284
67.895147,Em,0.180355
68.092517,A,0.110160
68.138957,D,0.127590
68.603356,A#,0.177789
68.614966,D,0.177501
68.626576,Bm,0.184846
68.661406,D,0.194239
68.684626,Bm,0.197221
68.707846,D,0.205233
68.835556,Gm,0.183957
68.847166,G,0.192251
68.916825,D,0.181308
69.021315,Dm,0.139536
69.032925,D,0.134832
69.114195,G,0.122199
69.125805,D,0.118723
69.137415,G,0.116058
69.207075,Dm,0.102151
69.218685,G,0.102227
69.358005,Dm,0.101530
69.369615,A,0.102535
69.578594,Dm,0.131796
69.717914,Am,0.144800
69.775964,A,0.188143
70.182313,Am,0.153840
70.426122,E,0.120110
70.472562,Em,0.119091
70.495782,B,0.122433
70.519002,Em,0.127406
70.530612,E,0.132643
70.611882,B,0.151981
71.053061,Bm,0.145268
71.111111,B,0.133341
71.134331,Bm,0.129792
71.169161,B,0.122118
71.262041,Bm,0.111928
71.273651,G,0.114996
71.285261,Em,0.116291
71.331701,G,0.115383
71.389751,Em,0.099671
71.401361,B,0.098156
71.412971,E,0.097101
71.482630,C#m,0.091837
71.494240,A,0.092101
71.529070,Em,0.096168
71.552290,A,0.101730
71.575510,E,0.107182
71.633560,Em,0.121117
71.819320,E,0.133800
71.842540,A,0.126247
71.970249,E,0.106249
72.028299,Em,0.110775
72.202449,E,0.103933
72.225669,A,0.107458
72.272109,Em,0.116864
72.562358,E,0.097962
72.573968,C#m,0.096836
72.585578,C#,0.094182
72.597188,Dm,0.095564
73.003537,G,0.145054
73.026757,Dm,0.143296
73.084807,D,0.150927
73.096417,Bm,0.151821
73.108027,Dm,0.150783
73.119637,D,0.153976
73.131247,G,0.156942
73.166077,D,0.157188
73.177687,Gm,0.158844
73.189297,D,0.155042
73.200907,Bm,0.163653
73.212517,G,0.172649
73.305397,D,0.165668
73.363447,Gm,0.156257
73.398277,D,0.152057
73.618866,Gm,0.102444
73.665306,C#,0.099065
73.723356,G,0.095704
73.816236,C,0.098352
73.862676,Fm,0.106668
73.920726,Am,0.109212
74.001995,Fm,0.120679
74.013605,C,0.123932
74.152925,Em,0.133799
74.164535,C,0.134675
74.269025,Am,0.150495
74.419955,C,0.168423
74.756644,G,0.125616
74.861134,D,0.118498
74.988844,Gm,0.153520
75.012063,G,0.153863
75.151383,Bm,0.174135
75.162993,D,0.176576
75.801542,Gm,0.127331
75.940862,C#m,0.096338
76.173061,E,0.124154
76.196281,Em,0.118364
76.300771,E,0.131514
76.347211,A,0.141958
76.463311,E,0.157512
76.509751,Em,0.159743
76.683900,E,0.170322
76.718730,A,0.165249
76.741950,Am,0.166218
76.765170,E,0.169569
76.811610,Em,0.187446
76.846440,E,0.189022
76.927710,Em,0.157635
77.078639,G,0.104157
77.090249,Dm,0.107226
77.125079,D,0.126702
77.635918,G,0.202668
77.647528,D,0.206573
78.019048,Dm,0.150845
78.042268,D,0.139459
78.169977,Dm,0.108741
78.239637,C#m,0.099928
78.262857,A,0.098204
78.274467,Dm,0.097330
78.286077,A,0.097412
78.378957,Am,0.111587
78.390567,A,0.112827
79.098776,D,0.158623
79.121995,Dm,0.176667
79.133605,D,0.179874
79.342585,A,0.108012
79.354195,Em,0.112729
79.389025,E,0.127445
79.435465,Em,0.124621
79.458685,E,0.128730
79.551565,B,0.141381
79.609615,E,0.157557
79.621224,Em,0.161614
79.690884,B,0.150739
79.714104,E,0.142329
79.760544,B,0.143956
79.772154,Bm,0.148227
79.783764,B,0.151889
80.085624,Em,0.126385
80.143673,E,0.133053
80.271383,B,0.118550
80.375873,G#m,0.112466
80.410703,E,0.106441
80.433923,Em,0.103633
80.573243,Cm,0.102874
80.584853,C,0.104852
80.689342,Cm,0.129773
80.712562,C,0.132483
81.351111,Cm,0.138206
81.432381,C,0.134603
81.502041,Cm,0.127514
81.560091,C,0.116566
81.699410,E,0.113777
81.989660,B,0.119714
82.012880,E,0.118724
82.047710,B,0.112482
82.198639,Bm,0.182135
82.349569,B,0.173442
82.407619,Bm,0.203808
82.744308,G,0.130158
82.872018,C,0.149732
83.069388,G,0.179748
83.080998,C,0.187708
83.104218,G,0.189036
83.115828,Cm,0.195613
83.127438,C,0.196255
83.197098,G,0.169988
83.243537,C,0.159101
83.255147,Cm,0.160570
83.278367,G,0.178531
83.324807,C,0.177179
83.371247,G,0.203435
84.253605,D,0.145504
84.276825,G,0.151133
84.509025,Gm,0.190273
84.520635,G,0.184561
84.543855,Gm,0.174018
84.555465,G,0.178394
84.613515,D,0.205977
84.683175,Bm,0.221545
84.694785,D,0.225739
84.938594,Bm,0.177962
84.996644,Em,0.164258
86.053152,G,0.196692
86.087982,C#m,0.150835
86.111202,D,0.137264
86.285351,Dm,0.205775
86.296961,D,0.207034
86.320181,Dm,0.204606
86.355011,D,0.207050
86.436281,Dm,0.160401
86.447891,A,0.149387
86.471111,Am,0.155982
86.482721,E,0.172902
86.505941,Em,0.178082
86.622041,C,0.214696
86.749751,Em,0.210364
86.761361,C,0.207318
86.807800,Em,0.189245
86.865850,Bm,0.190104
87.190930,F,0.112513
87.202540,Am,0.139223
87.945578,C,0.178968
88.317098,Em,0.150535
88.351927,Bm,0.134008
88.537687,G,0.140358
88.711837,Bm,0.138985
89.060136,G,0.178956
89.280726,D,0.149196
89.454875,A,0.139587
89.629025,E,0.197278
90.186304,Em,0.177068
90.221134,B,0.142835
90.383673,Bm,0.151712
90.395283,B,0.144434
90.406893,Bm,0.143861
90.418503,Em,0.141838
90.464943,E,0.144547
90.476553,Em,0.144883
90.522993,E,0.149719
90.546213,Em,0.145644
90.557823,E,0.148017
90.673923,Em,0.156932
90.697143,E,0.158160
90.708753,Em,0.162239
90.720363,E,0.162079
90.731973,Em,0.162454
90.790023,E,0.158171
90.801633,Em,0.157669
91.254422,C#m,0.116916
91.266032,Bm,0.105827
91.289252,Dm,0.129270
91.486621,C#m,0.104243
91.533061,Dm,0.103400
91.672381,E,0.098122
91.707211,C#m,0.096144
91.730431,E,0.096660
91.753651,Fm,0.098255
91.858141,C,0.121645
92.125170,Am,0.134131
92.148390,C,0.127535
92.171610,Am,0.132661
92.241270,C,0.109982
92.264490,Em,0.112961
92.473469,C,0.148891
92.508299,Em,0.138130
92.554739,E,0.147469
92.566349,Em,0.137981
92.589569,E,0.140731
92.612789,Em,0.136235
92.636009,E,0.127279
92.670839,Bm,0.129498
92.740499,G,0.121478
92.752109,A#,0.113867
92.763719,Bm,0.113605
92.775329,G,0.116932
92.833379,Gm,0.114968
92.844989,A#,0.122085
92.856599,Dm,0.126013
92.903039,D,0.164170
93.019138,G,0.186188
93.193288,D,0.160645
93.320998,Dm,0.126940
93.344218,G,0.120577
93.402268,Dm,0.099046
93.413878,Gm,0.098054
93.495147,Em,0.126565
93.518367,Gm,0.116643
93.529977,Em,0.107356
93.541587,E,0.103661
93.576417,Am,0.100947
93.808617,C#m,0.097114
93.831837,E,0.100872
93.855057,C#m,0.102820
94.005986,E,0.111339
94.145306,Em,0.137131
94.226576,E,0.144815
94.307846,Em,0.148797
94.389116,A,0.131264
94.400726,Am,0.129951
94.412336,A,0.131133
94.458776,Em,0.117636
94.679365,E,0.130272
94.714195,A,0.124634
94.737415,D,0.141159
94.760635,A,0.143550
94.783855,D,0.127054
94.807075,Em,0.102794
95.074104,C#m,0.101360
95.085714,Am,0.102721
95.108934,A,0.106969
95.132154,Am,0.138164
95.166984,A,0.156487
95.178594,Am,0.147860
95.201814,A#m,0.135759
95.213424,F#,0.135048
95.225034,B,0.129707
95.248254,Bm,0.170647
95.259864,Em,0.172544
95.271474,G,0.174106
95.306304,Em,0.192028
95.364354,G,0.205200
95.422404,Gm,0.154461
95.445624,Dm,0.124671
95.457234,F#m,0.116582
95.468844,C#,0.102688
95.480454,Em,0.112038
95.492063,Fm,0.106791
95.503673,F,0.128349
95.515283,E,0.151701
95.817143,B,0.121846
95.828753,D#m,0.123685
95.851973,Dm,0.133246
96.142222,C#,0.099588
96.153832,Fm,0.100453
96.177052,F,0.100101
96.200272,A,0.100684
96.211882,F,0.101952
96.223492,A,0.104246
96.595011,Dm,0.127605
96.606621,Am,0.131245
96.641451,Dm,0.144500
96.653061,Am,0.144575
96.664671,A,0.151193
96.676281,Am,0.155549
96.687891,A,0.156876
96.711111,Am,0.124370
96.722721,A#,0.117356
96.745941,Em,0.117800
96.815601,E,0.155817
96.885261,Em,0.178168
97.140680,E,0.167511
97.163900,Em,0.160112
97.198730,E,0.160498
97.221950,Em,0.142907
97.256780,Bm,0.127218
97.291610,B,0.127923
97.326440,Em,0.119292
97.349660,Bm,0.121053
97.372880,B,0.127520
97.396100,Bm,0.143825
97.419320,B,0.157055
97.430930,Bm,0.161787
97.488980,B,0.184204
97.500590,Bm,0.186331
97.523810,E,0.186723
97.535420,Em,0.191759
97.686349,Bm,0.177878
97.848889,G,0.129854
97.918549,Em,0.142167
97.953379,G,0.143108
98.034649,Gm,0.109243
98.046259,D,0.100668
98.115918,F#m,0.109216
98.197188,D#m,0.094941
98.208798,Am,0.094482
98.266848,C,0.095491
98.290068,E,0.098452
98.835737,Em,0.133209
98.847347,E,0.129621
99.172426,C#m,0.108860
99.230476,A,0.109282
99.346576,Am,0.127742
99.358186,E,0.131303
99.648435,A#,0.096297
99.660045,E,0.096374
99.729705,A#,0.095336
99.741315,Dm,0.097083
99.752925,A#,0.097851
99.764535,Dm,0.098635
99.822585,D,0.105712
100.321814,Dm,0.182184
100.588844,C#m,0.103777
100.681723,Fm,0.095895
100.739773,C#,0.107277
100.786213,Fm,0.102141
101.018413,Cm,0.115419
101.064853,C,0.129792
101.598912,Cm,0.192999
101.656961,C,0.210666
101.819501,Cm,0.131706
101.854331,G,0.108510
101.877551,D,0.121880
102.353560,Gm,0.201770
102.365170,D,0.204730
102.736689,Dm,0.121210
102.759909,Gm,0.105126
102.887619,C#m,0.096722
103.177868,Em,0.137516
103.282358,C,0.151089
103.363628,Am,0.148236
103.479728,A,0.185803
103.526168,Am,0.162826
103.537778,Em,0.177263
103.711927,E,0.163787
103.735147,Am,0.174378
103.839637,A,0.196768
104.083447,Dm,0.102633
104.106667,Gm,0.106305
104.129887,D,0.117822
104.153107,Gm,0.131385
104.164717,D,0.137771
104.199546,Dm,0.150688
104.211156,A#,0.156651
104.245986,Gm,0.162602
104.257596,G,0.167030
104.338866,Bm,0.175512
104.396916,D,0.150048
104.408526,G,0.143712
104.420136,Bm,0.144387
104.431746,G,0.142823
104.443356,D,0.141743
104.454966,Dm,0.145355
104.513016,D,0.155945
104.559456,Dm,0.167876
104.605896,D,0.177766
104.826485,Dm,0.153678
105.221224,C#m,0.099126
105.337324,E,0.110282
105.360544,C#m,0.112620
105.395374,E,0.115721
105.406984,C#m,0.112053
105.418594,A,0.111564
105.732063,Am,0.156277
105.941043,F,0.133832
105.964263,Am,0.131332
106.115193,D#,0.123783
106.150023,D,0.129004
106.242902,Bm,0.133260
106.324172,Em,0.119211
106.359002,E,0.135427
106.370612,Em,0.143394
106.393832,B,0.147853
106.440272,Em,0.159674
106.626032,Bm,0.193981
106.684082,G,0.206587
106.707302,E,0.184050
106.730522,Bm,0.165306
107.055601,G#m,0.138243
107.090431,G,0.145479
107.102041,Bm,0.133607
107.113651,E,0.128531
107.311020,G,0.107679
107.403900,E,0.096622
107.415510,G#m,0.096338
107.450340,C#m,0.099742
107.578050,C,0.113458
107.810249,Fm,0.147135
107.833469,Am,0.146752
107.914739,F,0.131669
107.926349,Fm,0.126983
107.961179,C,0.120958
107.972789,Am,0.118660
108.030839,Fm,0.111521
108.077279,C,0.109151
108.158549,Cm,0.107925
108.193379,C,0.101709
108.216599,Fm,0.103490
108.263039,F,0.115734
108.286259,Am,0.118639
108.355918,F,0.132743
108.379138,Am,0.135132
108.402358,C,0.142124
108.506848,Fm,0.115862
108.657778,C#,0.103458
108.692608,E,0.096266
108.704218,Em,0.098721
108.866757,B,0.123875
108.982857,Em,0.139922
109.017687,B,0.149613
109.087347,Bm,0.161366
109.284717,G#m,0.108390
109.342766,D,0.104177
109.400816,Dm,0.111130
109.435646,E,0.107690
109.458866,Dm,0.107785
109.482086,F,0.108038
109.505306,E,0.106335
109.807166,C#m,0.113055
109.818776,C,0.113807
109.853605,Fm,0.114932
110.027755,C,0.127142
110.306395,F,0.126602
110.318005,C,0.125269
110.364444,Cm,0.122868
110.422494,C,0.130450
110.619864,Cm,0.126082
110.631474,C,0.124598
110.677914,Am,0.119139
110.770794,C,0.135086
111.002993,Cm,0.157531
111.026213,C,0.143217
111.061043,G,0.130496
111.084263,D,0.135971
111.142313,G,0.129773
111.165533,C,0.118733
111.177143,Cm,0.121253
111.223583,C,0.155680
111.374512,Cm,0.150631
111.397732,G,0.118179
111.409342,D,0.140092
111.583492,Am,0.101911
111.595102,E,0.110534
111.664762,Am,0.105184
111.699592,E,0.112829
111.722812,Am,0.108377
111.757642,E,0.109540
111.792472,C#m,0.103782
111.815692,E,0.111119
111.885351,C#m,0.113151
112.001451,E,0.118054
112.105941,C#m,0.115187
112.256871,C,0.124702
112.396190,Em,0.117005
112.465850,C,0.111653
112.523900,Em,0.114524
112.570340,D#,0.113649
112.581950,Cm,0.110771
112.593560,Em,0.109705
112.651610,Dm,0.103762
112.663220,C,0.103223
112.686440,Em,0.104915
112.965079,C,0.131520
112.976689,Em,0.132066
112.988299,C,0.132039
112.999909,Em,0.132883
113.092789,C,0.150668
113.116009,Em,0.158091
113.510748,A,0.142923
113.522358,Em,0.149209
113.533968,A,0.145941
113.557188,Em,0.142483
113.580408,E,0.142829
113.603628,Em,0.132363
113.638458,A,0.131105
113.650068,E,0.131748
113.661678,Em,0.131151
113.673288,E,0.128389
113.684898,Em,0.126251
113.708118,A,0.129394
113.731338,C,0.129766
113.766168,Am,0.123646
113.777778,C,0.123429
113.800998,Am,0.112312
113.812608,A,0.108899
113.824218,Am,0.104610
113.847438,Em,0.110401
113.951927,E,0.121840
113.986757,A#m,0.106292
114.033197,Am,0.108456
114.056417,A,0.123476
114.068027,Am,0.123531
114.172517,A,0.105548
114.195737,C#m,0.103703
114.277007,Fm,0.105768
114.439546,C,0.116683
115.170975,Am,0.119989
115.205805,C,0.123092
115.229025,Am,0.126416
115.275465,Cm,0.118208
115.287075,Am,0.120458
115.333515,F,0.105227
115.345125,D,0.108257
116.215873,Dm,0.134688
116.262313,Gm,0.124566
116.680272,Em,0.109077
116.726712,C,0.114663
116.807982,Em,0.111989
116.889252,D,0.109303
116.982132,E,0.100603
117.005351,Gm,0.104777
117.144671,F#m,0.098946
117.307211,D,0.122032
117.492971,Em,0.095369
117.713560,D#,0.105805
117.760000,Em,0.108902
118.073469,Gm,0.134072
118.131519,G,0.143402
118.154739,Gm,0.143994
118.201179,G,0.139037
118.700408,D#,0.144374
118.712018,Em,0.147968
118.816508,D#,0.172654
118.839728,Em,0.175235
118.955828,D#,0.167698
118.979048,Em,0.174547
119.095147,D#,0.162561
119.118367,Em,0.157188
119.489887,D#,0.107899
119.536327,A,0.133021
119.571156,Am,0.145713
119.582766,A,0.126001
119.594376,Gm,0.110937
119.617596,E,0.124003
119.629206,Em,0.152007
119.640816,Bm,0.170028
119.664036,Em,0.171974
119.675646,B,0.170834
119.687256,Em,0.180593
119.768526,B,0.159877
119.780136,Em,0.142933
119.814966,Am,0.118522
119.896236,A,0.158952
119.919456,Am,0.146464
119.942676,E,0.116985
119.965896,A,0.133339
119.989116,Am,0.135660
120.012336,D#,0.124386
120.035556,F,0.110832
120.070385,A,0.118111
120.093605,Am,0.103393
120.128435,A,0.116663
120.163265,D#,0.103836
120.174875,Em,0.109443
120.232925,G,0.105774
120.244535,Gm,0.106175
120.267755,F#m,0.100761
120.279365,D#,0.097767
120.290975,Gm,0.099454
120.314195,C,0.108182
120.325805,Gm,0.101994
120.337415,Em,0.100908
120.407075,D#,0.104022
120.418685,Em,0.097568
120.430295,Gm,0.098887
120.465125,G,0.100610
120.476735,Em,0.109137
120.511565,Gm,0.104008
120.534785,C,0.107750
120.546395,Gm,0.112156
120.558005,D#,0.114818
120.569615,Em,0.100034
120.604444,D#,0.110527
120.616054,Em,0.113324
120.639274,Gm,0.144226
120.650884,G,0.167466
120.674104,Gm,0.178537
120.685714,G,0.181157
120.697324,Gm,0.180552
120.708934,G,0.170095
120.732154,Em,0.159749
120.755374,G,0.151283
120.766984,Gm,0.143187
120.790204,Em,0.115309
120.964354,Gm,0.111740
120.987574,Em,0.110163
120.999184,G,0.109894
121.010794,Em,0.103828
121.022404,D#m,0.106354
121.034014,F#,0.117693
121.045624,F#m,0.136926
121.057234,F#,0.151615
121.068844,F#m,0.167714
121.080454,F#,0.179195
121.092063,F#m,0.189704
121.115283,F#,0.189849
121.138503,D,0.202520
121.150113,F#,0.207671
121.173333,F#m,0.206357
121.184943,B,0.194662
121.196553,F#,0.190998
121.208163,F#m,0.192672
121.231383,F#,0.193336
121.301043,F#m,0.175021
121.312653,F#,0.162111
121.335873,C,0.131641
121.347483,Gm,0.159547
121.359093,G,0.187621
121.382313,Gm,0.197599
121.463583,G,0.200946
121.510023,Gm,0.186185
121.533243,F#,0.142829
121.568073,F#m,0.202086
121.579683,F#,0.205284
121.602902,F#m,0.203980
121.660952,F#,0.140919
121.672562,B,0.126301
121.707392,C,0.094356
121.719002,C#m,0.094116
121.742222,Cm,0.102933
121.753832,Bm,0.111822
121.777052,D,0.138939
121.835102,G,0.203798
121.858322,D,0.208878
121.869932,Gm,0.216935
121.893152,G,0.219240
121.927982,D,0.218613
121.951202,G,0.202448
121.986032,Bm,0.166479
122.020862,G,0.127888
122.090522,Bm,0.097228
122.102132,Gm,0.108359
122.113741,F#m,0.097154
122.125351,D,0.107858
122.171791,Gm,0.118315
122.183401,D,0.136553
122.195011,Dm,0.152436
122.206621,D,0.165675
122.287891,G,0.190839
122.299501,Gm,0.182865
122.322721,Dm,0.173334
122.334331,D,0.179384
122.357551,Dm,0.168444
122.369161,D,0.175863
122.380771,Dm,0.172686
122.392381,D,0.177019
122.427211,G,0.160436
122.438821,D,0.160356
122.462041,Gm,0.147576
122.473651,D,0.149707
122.496871,Gm,0.139899
122.508481,Dm,0.130548
122.520091,Gm,0.121669
122.531701,G,0.116194
122.554921,Gm,0.106040
122.566531,D,0.111129
122.589751,G#m,0.103299
122.601361,D#,0.104882
122.624580,Gm,0.103482
122.636190,Dm,0.103469
122.659410,D,0.101458
122.671020,Fm,0.098811
122.694240,D,0.098673
122.717460,Gm,0.096734
122.729070,Fm,0.094245
122.740680,F,0.099465
122.752290,G#m,0.098316
122.763900,F#m,0.094172
122.775510,Gm,0.103470
122.787120,E,0.106768
122.798730,F,0.100885
122.810340,E,0.094478
122.821950,Am,0.102779
122.833560,E,0.106683
122.856780,A,0.125781
122.868390,E,0.137448
122.926440,Am,0.197739
122.949660,E,0.203765
123.112200,Am,0.158955
123.193469,C,0.143754
125.631565,Bm,0.119526
126.130794,B,0.177455
126.746122,Bm,0.151846
126.757732,B,0.134964
126.815782,Bm,0.149804
126.850612,B,0.113552
126.908662,Em,0.107054
126.943492,Fm,0.116060
126.955102,C,0.106004
126.989932,C#m,0.120761
127.024762,F#m,0.181500
127.152472,Bm,0.167324
127.245351,D,0.234922
127.256961,Bm,0.229639
127.268571,D,0.227124
127.280181,Bm,0.224066
127.291791,D,0.221559
127.373061,Bm,0.181403
127.407891,D,0.166914
127.442721,Bm,0.149510
127.465941,D,0.140564
127.500771,G,0.123899
127.605261,Dm,0.104793
127.628481,G,0.101588
127.709751,Fm,0.094207
127.825850,C,0.108496
127.849070,Fm,0.114170
127.907120,C,0.117561
127.965170,Fm,0.123076
128.023220,C,0.133860
128.290249,Am,0.142967
128.441179,C,0.162055
128.452789,Am,0.164623
128.592109,C,0.182245
128.766259,Cm,0.168361
128.835918,G,0.133496
128.998458,D,0.171437
129.718277,Gm,0.110898
129.776327,G,0.102540
129.845986,Bm,0.104486
129.857596,Gm,0.103807
130.031746,C#m,0.095959
130.113016,E,0.103227
130.275556,Em,0.143961
131.088254,A,0.126584
131.239184,Dm,0.120179
131.274014,D,0.124390
132.202812,Dm,0.100493
132.272472,C#m,0.099114
132.284082,Dm,0.099539
132.504671,A,0.141228
132.562721,Am,0.155425
132.783311,Dm,0.164633
132.794921,D,0.178229
132.876190,Dm,0.182318
132.887800,A,0.182838
132.934240,Am,0.203440
133.247710,D,0.166673
133.294150,Am,0.143366
133.305760,D,0.137836
133.340590,Am,0.120007
133.375420,E,0.129884
133.607619,Bm,0.188320
133.758549,Em,0.202520
133.874649,B,0.187551
133.909478,G,0.182844
134.095238,Em,0.151875
134.280998,E,0.119287
134.304218,Em,0.113956
134.339048,G,0.112785
134.385488,Em,0.112585
134.443537,E,0.102644
134.594467,Em,0.115756
134.617687,E,0.115189
134.640907,Em,0.124017
134.896327,A,0.149943
134.942766,Am,0.152614
134.965986,A,0.153733
135.000816,E,0.142079
135.058866,Em,0.144849
135.105306,E,0.137818
135.244626,Am,0.131753
135.372336,E,0.145591
135.418776,Em,0.149851
135.581315,E,0.105421
135.639365,Dm,0.104052
135.732245,A#,0.112170
135.755465,G,0.105624
135.790295,Bm,0.114067
135.941224,D,0.124776
136.347574,Dm,0.144635
136.428844,D,0.139569
136.475283,Dm,0.135213
136.835193,Fm,0.105614
136.858413,G#,0.113897
136.881633,C,0.125899
137.276372,Cm,0.159161
137.299592,C,0.148664
137.311202,Am,0.159000
137.322812,C,0.163530
137.346032,Am,0.165403
137.380862,C,0.171055
137.404082,Am,0.175249
137.438912,C,0.186188
137.496961,Am,0.184046
137.508571,C,0.189336
137.636281,Cm,0.177513
137.647891,C,0.176993
137.729161,Cm,0.157758
137.740771,C,0.153011
137.810431,Am,0.118209
137.845261,D,0.102608
138.750839,Dm,0.105334
138.762449,Gm,0.107372
138.936599,A#,0.096284
138.948209,Gm,0.094602
138.959819,E,0.096731
139.250068,Em,0.157779
139.389388,A,0.175977
139.400998,Em,0.178993
139.459048,E,0.179488
139.470658,Em,0.185241
139.807347,A,0.181157
139.842177,Em,0.185743
139.865397,E,0.181402
139.911837,Em,0.192795
140.074376,A,0.112453
140.109206,Dm,0.114299
140.120816,D,0.114812
140.132426,Dm,0.117598
140.144036,D,0.122546
140.178866,Dm,0.125685
140.225306,D,0.137371
141.130884,Gm,0.119515
141.223764,C#m,0.099536
141.246984,E,0.105644
141.281814,C#m,0.103356
141.293424,E,0.096447
141.305034,D#,0.099175
141.316644,G#m,0.098229
141.328254,A,0.100993
141.363084,Dm,0.112766
141.397914,A,0.122198
141.630113,Am,0.168570
141.641723,A,0.174726
142.036463,Am,0.224717
142.326712,F,0.122970
142.338322,F#m,0.122081
142.396372,D,0.129011
142.419592,F#m,0.127073
142.466032,E,0.122258
142.489252,Bm,0.126589
142.709841,G,0.171116
143.476100,C,0.095686
143.568980,Cm,0.111989
143.592200,C,0.121231
143.638639,Fm,0.131657
143.661859,C,0.137645
143.975329,Am,0.129601
144.010159,Fm,0.125077
144.033379,Am,0.126531
144.044989,C,0.128046
144.184308,Am,0.119789
144.335238,C,0.111083
144.602268,Fm,0.096914
144.625488,E,0.097176
144.648707,Am,0.106371
144.660317,E,0.110173
144.997007,B,0.128942
145.182766,G,0.174852
145.205986,Em,0.189181
145.217596,G,0.186084
145.229206,Em,0.184806
145.264036,G,0.184734
145.275646,Em,0.187682
145.310476,B,0.175839
145.345306,Bm,0.167741
145.565896,B,0.175148
145.589116,Em,0.165190
145.681995,B,0.159094
145.693605,Em,0.162877
145.716825,E,0.178342
145.786485,Em,0.159440
145.821315,E,0.165695
145.867755,Em,0.137840
146.065125,B,0.140883
146.088345,Em,0.144698
146.216054,E,0.213581
146.448254,Em,0.197460
146.506304,E,0.203706
146.587574,Em,0.226106
146.599184,E,0.227117
146.819773,Em,0.191016
146.854603,E,0.169638
147.028753,Em,0.144593
147.040363,F,0.126495
147.063583,B,0.135267
147.179683,F#,0.172861
147.249342,B,0.152584
147.423492,F#,0.156516
147.446712,B,0.157440
147.481542,F#,0.161568
147.493152,B,0.160867
147.504762,F#,0.163026
147.632472,Bm,0.142647
147.644082,F#m,0.142022
147.667302,Bm,0.139550
147.702132,F#m,0.132408
147.725351,Bm,0.125306
147.748571,Em,0.114289
147.771791,E,0.111038
147.853061,Em,0.106422
147.887891,G,0.107986
147.980771,C,0.097594
147.992381,G,0.099090
148.050431,C,0.101592
148.921179,Cm,0.150598
148.932789,C,0.155550
148.967619,Cm,0.147430
149.095329,G#,0.109672
149.106939,F,0.109879
149.199819,Am,0.119633
149.211429,D,0.121340
149.513288,G,0.157739
149.524898,Bm,0.171025
149.548118,G,0.191441
149.559728,Bm,0.194548
149.582948,G,0.193249
149.757098,Bm,0.168418
149.768707,D,0.167278
150.035737,Dm,0.132421
150.337596,A,0.110347
150.372426,E,0.112363
150.523356,Em,0.141966
150.569796,E,0.144138
150.616236,A,0.153926
150.767166,E,0.173245
150.790385,Em,0.195594
150.976145,A,0.172649
151.069025,E,0.161482
151.080635,Am,0.160664
151.092245,A,0.172729
151.370884,Dm,0.134474
151.452154,A#,0.148988
151.475374,Dm,0.135382
151.486984,Bm,0.146894
151.626304,D,0.148745
152.102313,Dm,0.151715
152.113923,G,0.154217
152.125533,D,0.158978
152.392562,Dm,0.111785
152.508662,Fm,0.105662
152.531882,E,0.105934
152.624762,Dm,0.112817
152.647982,Am,0.113056
152.740862,Dm,0.132288
152.845351,A,0.156474
152.961451,Dm,0.163333
152.984671,D,0.165595
153.170431,Am,0.181168
153.193651,F#m,0.174953
153.216871,Am,0.172413
153.646440,F,0.123420
153.669660,E,0.123162
153.820590,Em,0.183630
153.925079,E,0.223817
153.948299,Em,0.204592
154.006349,E,0.168243
154.017959,Em,0.164799
154.099229,G,0.162543
154.134059,Bm,0.204193
154.157279,B,0.219257
154.215329,Bm,0.210070
154.226939,B,0.210461
154.261769,Bm,0.193574
154.273379,G,0.181910
154.389478,Bm,0.133292
154.401088,Em,0.127316
154.528798,G,0.115610
154.668118,E,0.101726
155.167347,A,0.142626
155.190567,Em,0.132549
155.202177,E,0.128997
155.237007,Em,0.128476
155.457596,E,0.115069
155.515646,Em,0.127623
155.620136,E,0.151321
155.817506,C#m,0.103916
155.852336,Dm,0.096755
155.887166,D,0.102028
155.968435,Dm,0.117308
156.014875,Gm,0.123000
156.142585,D,0.138755
156.165805,Dm,0.142716
156.177415,D,0.145105
156.815964,Dm,0.139445
156.885624,G,0.110461
156.920454,Gm,0.101078
156.966893,G,0.092644
157.036553,C,0.096908
157.094603,Fm,0.110970
157.117823,C,0.113684
157.152653,Fm,0.116180
157.175873,G#,0.124672
157.199093,Fm,0.119082
157.210703,Am,0.123660
157.303583,C,0.133996
158.035011,Am,0.142189
158.069841,Fm,0.135495
158.081451,Am,0.132036
158.093061,F,0.137951
158.127891,Am,0.133700
158.209161,Gm,0.111728
158.232381,G,0.118714
158.336871,Bm,0.148085
158.371701,D,0.148540
159.033469,A#,0.128171
159.045079,Gm,0.131051
159.184399,A#,0.107921
159.219229,Dm,0.099315
159.312109,E,0.103045
159.602358,A,0.142859
159.764898,E,0.172082
159.776508,Em,0.178843
159.962268,E,0.190740
159.997098,A,0.181461
160.078367,E,0.192299
160.113197,A,0.178761
160.148027,Em,0.179400
160.171247,A,0.181029
160.217687,Em,0.165556
160.229297,A,0.171084
160.449887,Dm,0.135489
160.473107,A#,0.141950
160.496327,Bm,0.135528
160.635646,D,0.166411
161.390295,Dm,0.129551
161.541224,A,0.111586
161.576054,Dm,0.114909
161.587664,A,0.116093
161.761814,Dm,0.139831
161.773424,A,0.139250
162.342313,Dm,0.203014
162.353923,Am,0.194590
162.377143,D,0.192268
162.470023,Am,0.181710
162.481633,D,0.179522
162.493243,F#m,0.174872
162.504853,Am,0.164356
162.516463,F,0.161697
162.528073,Am,0.166767
162.586122,F,0.126392
162.609342,F#m,0.122349
162.620952,Am,0.129324
162.690612,E,0.122734
162.713832,G#m,0.137484
162.725442,E,0.136904
162.795102,Em,0.144817
162.806712,E,0.145778
162.876372,Em,0.164798
162.946032,E,0.168674
163.015692,Em,0.175551
163.027302,Bm,0.175125
163.062132,Em,0.174467
163.096961,E,0.179133
163.120181,Bm,0.186427
163.166621,Em,0.181721
163.259501,Bm,0.165262
163.305941,E,0.150004
163.340771,G#m,0.151248
163.375601,G,0.148826
163.387211,Bm,0.146952
163.503311,G,0.119985
163.689070,Gm,0.102040
163.816780,C,0.114613
164.861678,Fm,0.110322
164.896508,E,0.113915
164.919728,Em,0.107700
164.966168,E,0.116009
164.977778,Em,0.114113
165.035828,Bm,0.114429
165.302857,B,0.154588
165.326077,Bm,0.163789
165.894966,E,0.113598
166.150385,Fm,0.110533
166.161995,C,0.114414
167.090794,Am,0.112748
167.102404,D,0.118194
167.613243,Dm,0.187193
167.648073,D,0.182878
167.926712,Dm,0.136508
167.973152,D,0.125956
167.984762,Dm,0.124028
168.007982,Gm,0.117024
168.286621,E,0.097254
168.507211,Em,0.145124
168.518821,E,0.150204
168.553651,Em,0.154133
169.319909,E,0.161635
169.343129,A,0.150649
169.494059,Em,0.165004
169.528889,A,0.166290
169.563719,Em,0.169466
169.784308,E,0.201607
169.819138,Em,0.207009
169.888798,E,0.187932
169.900408,Em,0.189647
169.946848,E,0.206397
170.062948,Em,0.183417
170.086168,E,0.160336
170.109388,A,0.162669
170.213878,Am,0.154749
170.260317,E,0.140342
170.283537,Em,0.138057
170.550567,C,0.109100
171.595465,Am,0.106336
171.618685,D,0.117783
171.862494,Dm,0.169866
171.874104,D,0.171630
172.315283,Dm,0.153595
172.338503,D,0.152811
172.512653,Dm,0.116387
172.535873,Gm,0.113114
172.663583,Dm,0.105018
172.710023,E,0.098907
173.023492,Em,0.138674
173.035102,E,0.138632
173.058322,Em,0.136215
173.220862,E,0.116722
174.207710,Em,0.124321
174.242540,B,0.123250
174.277370,Em,0.129881
175.078458,Dm,0.109183
175.124898,C,0.106679
175.159728,Em,0.112221
175.194558,C,0.117831
175.275828,Am,0.115354
175.287438,C,0.115033
175.333878,Em,0.119202
175.368707,G,0.128991
175.380317,Em,0.128187
175.449977,G,0.126112
175.519637,Em,0.142029
175.600907,C,0.163354
175.612517,Em,0.159580
175.728617,G,0.168818
175.786667,Em,0.171930
175.844717,G,0.167513
175.902766,Em,0.174295
176.088526,Dm,0.126418
176.100136,D,0.161846
176.274286,Am,0.142922
176.285896,A,0.162868
176.471655,D,0.162949
176.645805,A,0.156495
176.761905,Am,0.160858
176.854785,A,0.158140
177.156644,Am,0.160873
177.179864,A,0.151627
177.191474,Am,0.144748
177.214694,Em,0.151710
178.317642,A,0.126968
178.352472,D,0.138126
178.526621,Dm,0.155190
178.549841,D,0.185878
178.584671,Gm,0.180629
178.619501,D,0.176610
178.689161,Gm,0.155401
178.700771,D,0.150480
179.455420,G,0.128863
179.594739,C,0.172829
179.826939,Cm,0.223630
179.873379,C,0.189198
180.001088,G,0.175143
180.442268,Em,0.158857
180.477098,G,0.159011
180.569977,D,0.126311
180.767347,Dm,0.243954
180.953107,D,0.206490
181.696145,Bm,0.142798
181.730975,E,0.133145
181.893515,Em,0.201206
181.951565,B,0.165823
181.963175,Em,0.166671
182.288254,A,0.173120
182.323084,Am,0.200781
182.462404,Em,0.152685
182.659773,G,0.184811
182.845533,Em,0.165757
183.588571,E,0.120734
183.611791,Am,0.117722
183.623401,E,0.121292
183.693061,Em,0.196042
183.727891,E,0.195051
183.762721,Em,0.186682
183.774331,E,0.185420
183.797551,Em,0.175699
183.820771,E,0.179156
183.832381,Em,0.159533
183.867211,E,0.129866
183.878821,A,0.143984
183.925261,Am,0.215828
184.134240,D#,0.130481
184.145850,Em,0.132214
184.261950,E,0.179053
184.273560,Em,0.155038
184.285170,Am,0.123424
184.343220,F,0.122140
184.366440,Am,0.128575
184.389660,F,0.111702
184.412880,Am,0.144037
184.470930,F,0.243629
184.482540,Am,0.245535
184.587029,F,0.241098
184.621859,Am,0.232718
184.703129,F,0.122541
184.726349,C,0.106089
184.807619,Gm,0.208743
184.819229,C,0.207967
184.900499,D,0.120937
184.923719,Am,0.103912
184.935329,D,0.112393
184.946939,F,0.111583
184.958549,F#m,0.118982
184.970159,D,0.132171
184.981769,F#m,0.148444
185.109478,D,0.174173
185.121088,F#m,0.152428
185.132698,C,0.140949
185.155918,Gm,0.182653
185.167528,Cm,0.202407
185.260408,C,0.204796
185.283628,Cm,0.211974
185.330068,C,0.209414
185.353288,Cm,0.204993
185.376508,C,0.185283
185.399728,Cm,0.188642
185.411338,C,0.183212
185.434558,Cm,0.159838
185.446168,C,0.155319
185.527438,Fm,0.101085
185.539048,F#,0.102992
185.550658,C,0.109426
185.562268,Fm,0.102805
185.573878,F#m,0.105410
185.597098,D,0.115720
185.608707,F,0.108888
185.620317,C,0.120743
185.631927,Cm,0.126340
185.643537,C,0.121934
185.655147,Gm,0.119416
185.666757,Cm,0.117416
185.678367,C,0.117941
185.782857,Em,0.117274
185.794467,F#,0.114662
185.817687,Bm,0.110185
185.852517,Fm,0.104435
185.864127,Cm,0.098089
185.875737,Gm,0.111839
185.898957,C,0.158767
185.910567,Cm,0.179347
185.980227,C,0.217989
185.991837,Cm,0.195528
186.015057,D#m,0.163414
186.038277,B,0.215414
186.049887,Bm,0.233927
186.061497,F#,0.232092
186.073107,D#m,0.221206
186.084717,F#,0.210887
186.096327,F#m,0.194337
186.142766,F,0.118228
186.154376,F#m,0.115001
186.177596,Bm,0.123294
186.247256,D,0.194398
186.270476,Gm,0.161278
186.293696,G,0.201857
186.328526,Gm,0.235066
186.433016,D,0.162169
186.688435,Bm,0.218828
186.711655,D,0.201390
186.862585,Bm,0.128567
186.874195,D,0.124254
186.897415,Gm,0.109406
186.909025,D,0.111115
186.920635,Gm,0.116834
186.955465,D,0.097832
186.967075,Em,0.108791
186.978685,E,0.103148
187.025125,Em,0.175823
187.059955,E,0.220070
187.094785,Em,0.205833
187.141224,D#m,0.123183
187.164444,D,0.123781
187.176054,Bm,0.145989
187.199274,D,0.175734
187.338594,Bm,0.152520
187.350204,A#,0.123405
187.361814,B,0.129833
187.373424,Cm,0.128933
187.385034,C#m,0.131101
187.396644,Em,0.161968
187.477914,E,0.234119
187.489524,Em,0.226929
187.535964,E,0.208633
187.582404,Em,0.196302
187.594014,E,0.177661
187.617234,A,0.145486
187.628844,C#m,0.134922
187.640454,A,0.119073
187.652063,E,0.112254
187.663673,Bm,0.114603
187.675283,C#m,0.104845
187.686893,E,0.108782
187.698503,G,0.112233
187.710113,Em,0.109556
187.733333,E,0.114308
187.744943,Em,0.108970
187.756553,G,0.111021
187.768163,Bm,0.116619
187.802993,G,0.122628
187.814603,Gm,0.119944
187.837823,D,0.115936
187.849433,Gm,0.112390
187.861043,D,0.116274
187.872653,G,0.116305
187.884263,Gm,0.120628
187.919093,D,0.116185
187.953923,Em,0.106052
187.977143,E,0.104742
188.000363,C,0.104244
188.023583,Am,0.108021
188.035193,C#m,0.110983
188.070023,A,0.111540
188.128073,C#m,0.196284
188.139683,Em,0.220309
188.151293,C#m,0.233601
188.162902,Em,0.241897
188.186122,E,0.254423
188.197732,Em,0.261416
188.255782,B,0.124548
188.267392,D#m,0.135291
188.290612,Dm,0.135255
188.313832,D,0.172937
188.395102,Dm,0.208156
188.418322,D,0.204198
188.476372,G,0.140407
188.499592,C,0.122229
188.650522,Cm,0.119258
188.685351,A#,0.114743
188.720181,Dm,0.141496
188.766621,D,0.172986
188.789841,G,0.144403
188.871111,C,0.099334
188.917551,E,0.154338
188.987211,Em,0.151725
188.998821,C,0.125361
189.010431,A,0.111876
189.022041,A#,0.103795
189.056871,D,0.147799
189.138141,Dm,0.178451
189.149751,A#,0.161110
189.161361,Gm,0.149801
189.172971,G,0.136069
189.196190,C,0.113816
189.219410,G,0.126178
189.242630,Dm,0.122113
189.265850,Am,0.119662
189.289070,C,0.143510
189.300680,E,0.154896
189.393560,D#,0.136823
189.416780,D#m,0.132500
189.428390,D,0.158961
189.544490,Dm,0.186940
189.556100,Gm,0.173817
189.625760,Em,0.136386
189.741859,Gm,0.137669
189.811519,G,0.178427
189.846349,Gm,0.149631
189.869569,G,0.150490
189.904399,Gm,0.181248
189.950839,G,0.177569
189.962449,Gm,0.174308
190.055329,Em,0.154811
190.066939,G,0.162248
190.217868,Gm,0.185081
190.241088,D,0.185866
190.252698,Gm,0.181503
190.264308,G,0.171194
190.333968,Gm,0.120349
190.345578,D#,0.119073
190.380408,Em,0.111990
190.403628,C,0.148817
190.415238,Em,0.158336
190.600998,Gm,0.132487
190.659048,Em,0.114913
190.786757,Am,0.160816
190.809977,A,0.175888
190.914467,Am,0.131744
190.926077,Em,0.136954
191.111837,E,0.155234
191.135057,Am,0.145083
191.146667,A,0.159979
191.204717,Am,0.255972
191.216327,A,0.266463
191.320816,Am,0.252721
191.344036,A,0.262708
191.413696,Am,0.271174
191.436916,A,0.246485
191.448526,Am,0.213845
191.460136,A,0.176981
191.471746,Am,0.135127
191.483356,E,0.141273
191.506576,Em,0.138076
191.820045,Gm,0.143366
191.854875,E,0.110190
191.866485,Gm,0.116327
191.889705,G,0.136474
192.040635,Bm,0.221733
192.063855,G,0.212092
192.087075,Bm,0.225013
192.168345,G,0.162305
192.191565,Bm,0.153288
192.203175,G,0.145835
192.261224,D,0.111913
192.272834,Gm,0.111419
192.296054,G,0.110473
192.307664,Gm,0.116819
192.330884,D,0.114827
192.377324,Dm,0.099041
192.388934,D,0.100528
192.400544,Gm,0.109084
192.412154,Dm,0.105107
192.423764,G,0.112068
192.435374,Gm,0.103251
192.458594,G,0.111220
192.539864,D,0.123763
192.563084,Bm,0.134158
192.574694,G,0.146714
192.621134,Gm,0.133422
192.644354,Bm,0.127646
192.667574,G,0.166782
192.690794,Bm,0.213446
192.760454,G,0.127881
192.772063,Gm,0.117231
192.783673,D,0.108296
192.795283,F,0.125549
192.806893,D,0.144998
192.818503,F#m,0.168676
192.830113,D,0.192935
192.841723,Dm,0.212037
192.853333,D,0.222037
192.864943,F#m,0.230239
192.888163,D,0.205510
192.911383,Am,0.180111
192.922993,F,0.164034
192.957823,Am,0.121028
192.992653,F,0.109118
193.004263,Em,0.113645
193.015873,G,0.133107
193.039093,Em,0.159163
193.050703,G,0.166204
193.131973,Em,0.179645
193.143583,G,0.173861
193.190023,B,0.196342
193.201633,Bm,0.199617
193.213243,G,0.184717
193.224853,E,0.178744
193.236463,G,0.192144
193.248073,Bm,0.197495
193.259683,G,0.200006
193.282902,Em,0.187361
193.294512,G,0.193592
193.538322,Cm,0.150787
193.561542,Em,0.115670
193.573152,Gm,0.112806
193.596372,Am,0.131243
193.619592,F,0.169838
193.654422,Am,0.173810
193.666032,F,0.168661
193.689252,Am,0.149974
193.712472,F,0.130072
193.724082,Gm,0.132262
193.770522,G,0.150591
194.188481,Gm,0.149146
194.246531,Dm,0.161633
194.258141,D,0.191414
194.304580,A#,0.162912
194.327800,Bm,0.174208
194.443900,G,0.132365
194.455510,D,0.135129
194.467120,Dm,0.143859
194.478730,D,0.147120
194.490340,Dm,0.150165
194.501950,D,0.141539
194.676100,Dm,0.210647
194.687710,D,0.211222
194.757370,Dm,0.192260
194.768980,D,0.199799
194.827029,Dm,0.169135
194.861859,D,0.145524
194.896689,Dm,0.147899
194.908299,D,0.147116
194.919909,A,0.165379
194.966349,D,0.231775
194.977959,Dm,0.245105
194.989569,D,0.250126
195.001179,A,0.252339
195.012789,D,0.248038
195.024399,Dm,0.250765
195.036009,D,0.233068
195.082449,C#m,0.116993
195.094059,Gm,0.138544
195.117279,G,0.164489
195.128889,Gm,0.171645
195.175329,Em,0.137738
195.210159,Am,0.124511
195.233379,E,0.143304
195.279819,Em,0.170258
195.326259,E,0.182615
195.372698,Am,0.158236
195.430748,A,0.223132
195.453968,Am,0.199787
195.488798,E,0.179933
195.558458,Em,0.140026
195.906757,E,0.145109
195.918367,Am,0.146271
195.929977,A,0.161570
195.976417,D,0.185527
195.988027,F#m,0.192642
196.011247,D,0.193346
196.046077,B,0.162694
196.104127,Bm,0.138582
196.115737,B,0.134780
196.162177,Em,0.135293
196.359546,Gm,0.114085
196.371156,F#,0.127745
196.394376,Bm,0.149746
196.649796,D,0.124094
196.673016,Bm,0.163923
196.707846,D,0.172165
196.742676,Gm,0.118345
196.754286,D,0.111549
196.777506,Gm,0.108509
196.800726,G,0.111099
196.812336,Gm,0.103226
196.835556,D#,0.109301
196.847166,Gm,0.111920
196.858776,D,0.102638
196.881995,Bm,0.111793
196.893605,D,0.112966
196.916825,G,0.103373
196.928435,Bm,0.106798
196.940045,G#m,0.110193
196.951655,D,0.106950
196.963265,Gm,0.109880
196.974875,D,0.110856
196.998095,Gm,0.111752
197.009705,D,0.100102
197.044535,Gm,0.112256
197.056145,D,0.113465
197.067755,Gm,0.121886
197.079365,G,0.129958
197.102585,A#,0.097930
197.114195,Em,0.104972
197.160635,E,0.178318
197.299955,Em,0.122326
197.311565,D#,0.132922
197.323175,A#,0.128351
197.334785,D,0.162109
197.427664,Dm,0.154603
197.462494,A,0.131278
197.485714,D,0.107375
197.508934,Am,0.124072
197.741134,A,0.176161
197.752744,Am,0.178890
197.834014,E,0.195703
198.217143,Em,0.152099
198.251973,E,0.120049
198.275193,A,0.148263
198.391293,Am,0.175681
198.426122,E,0.143831
198.460952,Em,0.168089
198.507392,E,0.177618
198.577052,Am,0.121307
198.611882,A,0.110700
198.623492,D,0.109911
198.646712,Dm,0.111648
198.658322,D,0.115216
199.006621,F#m,0.190918
199.041451,D,0.186375
199.087891,F#m,0.183449
199.180771,G#m,0.140704
199.192381,E,0.137741
199.215601,B,0.127079
199.250431,Bm,0.131177
199.668390,G,0.174114
199.691610,Bm,0.159099
199.726440,E,0.140553
199.854150,Bm,0.138819
199.877370,D,0.152156
199.981859,Bm,0.170851
200.028299,E,0.136631
200.097959,Em,0.193858
200.109569,E,0.199458
200.167619,Em,0.189372
200.225669,E,0.184767
200.237279,Em,0.165855
200.353379,E,0.155370
200.388209,Em,0.160179
200.423039,E,0.184629
200.434649,Em,0.192736
200.504308,E,0.202106
200.585578,Em,0.203461
200.632018,E,0.190633
200.690068,Em,0.173004
200.701678,E,0.184955
200.724898,Em,0.189263
200.782948,E,0.181133
200.806168,Em,0.161425
200.852608,E,0.135844
201.026757,Em,0.174639
201.061587,B,0.140279
201.224127,Bm,0.131479
201.235737,Em,0.148814
201.711746,E,0.238087
201.758186,Em,0.218948
201.769796,E,0.210232
201.793016,Em,0.186530
201.967166,C,0.119504
202.930794,Cm,0.134996
202.942404,C,0.140062
202.977234,G,0.105442
202.988844,Em,0.104970
203.012063,C,0.104081
203.023673,G,0.102317
203.035283,Gm,0.111815
203.046893,G,0.109355
203.058503,Gm,0.114193
203.070113,G,0.121072
203.081723,D,0.130122
203.615782,Gm,0.143259
203.627392,D,0.154830
203.766712,Dm,0.163606
203.778322,D,0.143154
203.952472,Dm,0.212162
203.964082,D,0.218528
204.091791,Dm,0.177877
204.115011,D,0.150977
204.149841,A,0.142415
204.219501,E,0.125035
204.289161,G,0.118033
204.300771,Bm,0.134184
204.382041,G,0.182155
204.393651,Bm,0.189050
204.463311,D,0.193481
204.567800,G,0.178326
204.579410,Bm,0.167311
204.602630,B,0.132141
204.614240,D#,0.139567
204.637460,G#m,0.135422
204.649070,Em,0.142053
204.718730,E,0.194669
204.730340,Em,0.199774
204.741950,E,0.204562
204.788390,Em,0.213655
204.881270,E,0.211932
204.892880,Em,0.219407
204.950930,E,0.237327
204.974150,Em,0.239934
205.032200,E,0.246598
205.055420,Em,0.241279
205.148299,E,0.248173
205.206349,Em,0.247686
205.229569,E,0.244131
205.241179,Em,0.248002
205.287619,E,0.254066
205.345669,Em,0.253633
205.392109,E,0.251537
205.415329,Em,0.247529
205.461769,E,0.246498
205.484989,Em,0.243518
205.519819,E,0.245640
205.554649,Em,0.250951
205.577868,E,0.249202
205.670748,Em,0.244620
205.705578,E,0.246995
205.740408,Em,0.249439
205.798458,E,0.252521
205.844898,Em,0.248583
205.856508,E,0.250614
205.868118,Em,0.249524
205.879728,E,0.242597
205.937778,Em,0.239616
205.960998,E,0.235985
205.972608,Em,0.235401
205.995828,E,0.238880
206.007438,Em,0.236846
206.019048,E,0.240271
206.042268,Em,0.238669
206.053878,E,0.232658
206.355737,C#m,0.121460
206.669206,C,0.108355
207.586395,Am,0.121801
207.679274,A,0.121205
207.725714,D,0.123692
208.654512,Dm,0.114101
208.793832,Am,0.098882
208.805442,E,0.101352
209.293061,Em,0.220056
209.304671,E,0.230118
209.316281,Em,0.233866
209.327891,E,0.234029
209.467211,Em,0.220709
209.502041,E,0.233695
209.850340,A,0.130153
209.989660,Dm,0.126663
210.802358,G,0.154848
210.848798,Dm,0.143145
210.895238,G,0.131867
210.976508,Dm,0.103846
211.080998,A,0.106296
212.021406,Am,0.157821
212.125896,F,0.135570
212.172336,Am,0.124038
212.183946,E,0.120414
212.265215,G#m,0.157888
212.300045,E,0.161514
212.323265,G#m,0.167824
212.346485,B,0.175162
212.648345,E,0.201455
212.834104,B,0.169487
212.996644,Em,0.102449
213.019864,Am,0.099309
213.043084,Em,0.098772
213.240454,Am,0.103342
213.252063,E,0.105287
213.565533,Em,0.175439
213.774512,C,0.127161
213.786122,Em,0.126017
214.076372,E,0.143802
214.540771,C#m,0.098750
214.552381,E,0.097359
214.563991,C#m,0.097467
214.587211,G,0.097666
214.598821,Gm,0.097682
214.622041,G,0.099814
214.633651,Gm,0.102080
214.645261,G,0.103104
214.738141,Bm,0.102092
214.889070,D,0.146147
215.399909,Dm,0.133803
215.469569,G,0.113420
215.481179,Dm,0.112137
215.550839,G,0.107794
215.632109,G#,0.099069
215.643719,C,0.100762
215.655329,G#,0.103032
215.690159,C,0.109475
216.131338,Cm,0.209117
216.189388,C,0.215931
216.584127,Cm,0.155128
216.595737,Am,0.140159
216.607347,F,0.139158
216.653787,Am,0.139683
216.711837,D,0.124618
216.746667,Bm,0.130274
216.804717,G,0.165934
216.816327,D,0.172601
217.454875,Dm,0.136863
217.559365,Gm,0.113513
217.617415,Dm,0.104502
217.640635,Gm,0.102365
217.663855,C,0.098679
217.721905,Am,0.100884
217.779955,E,0.105739
218.290794,Em,0.226872
218.302404,E,0.235968
218.430113,Em,0.247349
218.488163,E,0.236036
218.848073,A,0.133728
218.975782,Dm,0.128962
219.138322,Gm,0.172991
219.149932,Dm,0.175846
219.161542,G,0.179055
219.173152,Dm,0.183313
219.382132,D,0.233151
219.428571,Dm,0.205747
219.440181,D,0.208595
219.544671,Dm,0.204148
219.556281,D,0.201014
219.567891,Dm,0.201857
219.800091,Gm,0.161274
219.811701,G,0.161609
219.974240,Gm,0.112921
219.985850,Dm,0.110587
220.136780,A,0.111291
220.903039,Am,0.214820
220.914649,A,0.197669
221.042358,Am,0.172195
221.112018,F,0.144373
221.135238,Am,0.152066
221.193288,F,0.131983
221.239728,E,0.117541
221.262948,B,0.145945
221.367438,Bm,0.186326
221.402268,B,0.197233
221.425488,Bm,0.207661
221.448707,B,0.218425
221.495147,E,0.210041
221.518367,B,0.218930
221.622857,E,0.226120
221.657687,B,0.223911
221.692517,Bm,0.238756
221.704127,B,0.237994
221.855057,E,0.154413
221.913107,B,0.133191
221.959546,E,0.116711
221.971156,B,0.112594
221.994376,E,0.108249
222.040816,Bm,0.096757
222.098866,G,0.094573
222.110476,Bm,0.094939
222.133696,Am,0.094316
222.145306,D,0.094238
222.156916,Bm,0.095778
222.180136,G,0.094182
222.203356,Am,0.092587
222.214966,Em,0.093281
222.238186,E,0.101819
222.273016,Em,0.101914
222.296236,C,0.103892
222.865125,Am,0.112745
223.190204,C,0.149342
223.468844,E,0.108086
223.712653,Em,0.171907
223.851973,B,0.194218
224.478912,Bm,0.145827
224.513741,G,0.138843
224.629841,Am,0.108054
224.873651,E,0.131939
225.024580,C,0.151992
225.152290,Am,0.154678
225.187120,Em,0.155209
225.210340,E,0.149085
225.303220,Em,0.220985
225.361270,E,0.212511
225.605079,D,0.142954
225.709569,Dm,0.213822
225.756009,D,0.211104
225.767619,Dm,0.211566
225.802449,D,0.208478
225.837279,Dm,0.204630
225.848889,D,0.206253
225.976599,Bm,0.172612
226.580317,D,0.226667
226.731247,Bm,0.126911
226.754467,E,0.157624
226.963447,Em,0.233318
227.903855,G,0.135394
228.263764,Bm,0.197139
229.041633,Am,0.124481
229.076463,F,0.202427
229.099683,Am,0.220022
229.935601,C,0.170491
230.365170,D,0.116758
230.608980,Gm,0.173355
230.841179,D,0.159379
231.375238,Bm,0.174854
231.386848,G,0.184548
231.421678,Bm,0.217843
231.444898,G,0.226681
231.700317,D,0.126634
231.781587,Dm,0.163688
231.816417,D,0.172544
232.118277,Dm,0.145349
232.129887,A,0.139368
232.141497,Am,0.164756
232.153107,A,0.193203
232.617506,Am,0.182150
232.629116,A,0.173356
232.675556,Em,0.119575
232.710385,Bm,0.143202
232.814875,B,0.210951
233.244444,Bm,0.236957
233.441814,B,0.126096
233.465034,F#m,0.123228
234.161633,D,0.181773
234.428662,F#m,0.110167
234.440272,Bm,0.105419
234.451882,E,0.125895
234.521542,B,0.238217
234.556372,Bm,0.254210
234.591202,B,0.262307
234.916281,Em,0.284689
234.927891,B,0.285845
235.194921,Bm,0.277513
235.345850,B,0.263425
235.369070,Bm,0.262895
235.438730,B,0.268106
235.450340,Bm,0.268022
235.717370,G,0.264863
235.763810,Bm,0.268292
235.914739,B,0.276257
235.937959,Bm,0.271854
235.949569,G,0.273327
236.030839,Em,0.275468
236.077279,G,0.270180
236.123719,Bm,0.264754
236.170159,B,0.263036
236.181769,Bm,0.262209
236.483628,B,0.217105
236.495238,Bm,0.219426
236.506848,B,0.216645
236.530068,Bm,0.213512
236.564898,G,0.206488
236.588118,Em,0.205403
236.611338,G,0.200752
236.680998,Em,0.193076
236.948027,G,0.162343
236.971247,Em,0.164022
237.122177,G,0.173446
237.133787,Em,0.169306
237.168617,G,0.165349
237.180227,Em,0.166518
237.203447,G,0.164773
237.215057,Em,0.167066
237.249887,G,0.163868
237.331156,Em,0.142641
237.342766,G,0.148671
237.551746,Gm,0.119080
237.609796,G,0.118109
237.621406,Gm,0.117821
237.633016,G,0.122202
237.679456,Gm,0.117819
237.702676,G,0.117064
237.737506,Gm,0.118379
237.749116,G,0.121885
237.818776,Gm,0.123374
237.888435,G,0.128262
237.934875,Gm,0.125310
237.958095,G,0.122513
237.969705,Cm,0.124172
237.981315,D#,0.121394
237.992925,Cm,0.118780
238.016145,Em,0.118029
238.050975,C,0.117999
238.074195,Cm,0.125966
238.085805,C,0.127982
238.097415,Cm,0.127369
238.190295,Gm,0.127903
238.422494,A#,0.104264
238.434104,Gm,0.110546
238.538594,Dm,0.097649
238.550204,A#,0.104465
238.561814,Gm,0.097889
238.573424,G,0.098917
238.585034,Gm,0.104664
238.596644,D,0.102926
238.608254,Gm,0.098603
238.619864,Dm,0.098783
238.875283,Cm,0.100056
239.002993,G#,0.103602
239.014603,C,0.103934
239.107483,Am,0.122239
239.165533,C#m,0.118668
239.177143,Fm,0.120580
239.188753,G#,0.123261
239.270023,Fm,0.124147
239.328073,F#m,0.115506
239.409342,C#,0.110439
239.432562,F#m,0.110540
